PISO,ID,Ecological System,Macrogroup code,MG Name,Division code,Division Name,Formation,Subclass,Class
Estepa mediterranea-templada de Festuca pallescens y Mulinum spinosum,123,603.188,M750,Patagonian Mesic Grassland & Shrubland,D144,Patagonian Grassland & Shrubland,Temperate Grassland & Shrubland,Temperate & Boreal Grassland & Shrubland,Shrub & Herb Vegetation
Estepa mediterranea-templada oriental de Festuca gracillima,124,603.188,M750,Patagonian Mesic Grassland & Shrubland,D144,Patagonian Grassland & Shrubland,Temperate Grassland & Shrubland,Temperate & Boreal Grassland & Shrubland,Shrub & Herb Vegetation
Estepa templada oriental de Festuca gracillima y Chiliotrichum diffusum,126,603.188,M750,Patagonian Mesic Grassland & Shrubland,D144,Patagonian Grassland & Shrubland,Temperate Grassland & Shrubland,Temperate & Boreal Grassland & Shrubland,Shrub & Herb Vegetation
Estepa templada oriental de Festuca gracillima y Empetrum rubrum,125,603.188,M750,Patagonian Mesic Grassland & Shrubland,D144,Patagonian Grassland & Shrubland,Temperate Grassland & Shrubland,Temperate & Boreal Grassland & Shrubland,Shrub & Herb Vegetation
Estepa templada oriental de Festuca gracillima y Mulinum spinosum,127,603.188,M750,Patagonian Mesic Grassland & Shrubland,D144,Patagonian Grassland & Shrubland,Temperate Grassland & Shrubland,Temperate & Boreal Grassland & Shrubland,Shrub & Herb Vegetation
Bosque caducifolio mediterraneo-templado costero de Nothofagus obliqua y Gomortega keule,52,603.191,M653,Central Chilean (Mediterranean) Deciduous Forest,D239,Chilean Mediterranean Forest,Warm Temperate Forest & Woodland,Temperate & Boreal Forest & Woodland,Forest & Woodland
Bosque caducifolio mediterraneo andino de Nothofagus glauca y N. obliqua,51,603.191,M653,Central Chilean (Mediterranean) Deciduous Forest,D239,Chilean Mediterranean Forest,Warm Temperate Forest & Woodland,Temperate & Boreal Forest & Woodland,Forest & Woodland
Bosque caducifolio mediterraneo andino de Nothofagus obliqua y Austrocedrus chilensis,48,603.191,M653,Central Chilean (Mediterranean) Deciduous Forest,D239,Chilean Mediterranean Forest,Warm Temperate Forest & Woodland,Temperate & Boreal Forest & Woodland,Forest & Woodland
Bosque caducifolio mediterraneo costero de Nothofagus glauca y Azara petiolaris,49,603.191,M653,Central Chilean (Mediterranean) Deciduous Forest,D239,Chilean Mediterranean Forest,Warm Temperate Forest & Woodland,Temperate & Boreal Forest & Woodland,Forest & Woodland
Bosque caducifolio mediterraneo costero de Nothofagus glauca y Persea lingue,50,603.191,M653,Central Chilean (Mediterranean) Deciduous Forest,D239,Chilean Mediterranean Forest,Warm Temperate Forest & Woodland,Temperate & Boreal Forest & Woodland,Forest & Woodland
Bosque caducifolio mediterraneo costero de Nothofagus macrocarpa y Ribes punctatum,46,601.017,M653,Central Chilean (Mediterranean) Deciduous Forest,D239,Chilean Mediterranean Forest,Warm Temperate Forest & Woodland,Temperate & Boreal Forest & Woodland,Forest & Woodland
Bosque caducifolio mediterraneo interior de Nothofagus obliqua y Cryptocarya alba,47,603.191,M653,Central Chilean (Mediterranean) Deciduous Forest,D239,Chilean Mediterranean Forest,Warm Temperate Forest & Woodland,Temperate & Boreal Forest & Woodland,Forest & Woodland
Bosque esclerofilo mediterraneo andino de Kageneckia angustifolia y Guindilia trinervis,38,601.019,M652,Central Chilean (Mediterranean) Sclerophyllous Forest,D239,Chilean Mediterranean Forest,Warm Temperate Forest & Woodland,Temperate & Boreal Forest & Woodland,Forest & Woodland
Bosque esclerofilo mediterraneo andino de Lithrea caustica y Lomatia hirsuta,44,601.004,M652,Central Chilean (Mediterranean) Sclerophyllous Forest,D239,Chilean Mediterranean Forest,Warm Temperate Forest & Woodland,Temperate & Boreal Forest & Woodland,Forest & Woodland
Bosque esclerofilo mediterraneo andino de Quillaja saponaria y Lithrea caustica,41,601.021,M652,Central Chilean (Mediterranean) Sclerophyllous Forest,D239,Chilean Mediterranean Forest,Warm Temperate Forest & Woodland,Temperate & Boreal Forest & Woodland,Forest & Woodland
Bosque esclerofilo mediterraneo costero de Cryptocarya alba y Peumus boldus,39,601.02,M652,Central Chilean (Mediterranean) Sclerophyllous Forest,D239,Chilean Mediterranean Forest,Warm Temperate Forest & Woodland,Temperate & Boreal Forest & Woodland,Forest & Woodland
Bosque esclerofilo mediterraneo costero de Lithrea caustica y Azara integrifolia,42,601.02,M652,Central Chilean (Mediterranean) Sclerophyllous Forest,D239,Chilean Mediterranean Forest,Warm Temperate Forest & Woodland,Temperate & Boreal Forest & Woodland,Forest & Woodland
Bosque esclerofilo mediterraneo costero de Lithrea caustica y Cryptocarya alba,40,601.015,M652,Central Chilean (Mediterranean) Sclerophyllous Forest,D239,Chilean Mediterranean Forest,Warm Temperate Forest & Woodland,Temperate & Boreal Forest & Woodland,Forest & Woodland
Bosque esclerofilo mediterraneo interior de Lithrea caustica y Peumus boldus,43,601.021,M652,Central Chilean (Mediterranean) Sclerophyllous Forest,D239,Chilean Mediterranean Forest,Warm Temperate Forest & Woodland,Temperate & Boreal Forest & Woodland,Forest & Woodland
Bosque esclerofilo psamofilo mediterraneo interior de Quillaja saponaria y Fabiana imbricata,45,601.003,M652,Central Chilean (Mediterranean) Sclerophyllous Forest,D239,Chilean Mediterranean Forest,Warm Temperate Forest & Woodland,Temperate & Boreal Forest & Woodland,Forest & Woodland
Bosque espinoso de mediterraneo andino Acacia caven y Baccharis paniculata,33,601.001,M652,Central Chilean (Mediterranean) Sclerophyllous Forest,D239,Chilean Mediterranean Forest,Warm Temperate Forest & Woodland,Temperate & Boreal Forest & Woodland,Forest & Woodland
Bosque espinoso mediterraneo costero de Acacia caven y Maytenus boaria,34,601.001,M652,Central Chilean (Mediterranean) Sclerophyllous Forest,D239,Chilean Mediterranean Forest,Warm Temperate Forest & Woodland,Temperate & Boreal Forest & Woodland,Forest & Woodland
Bosque espinoso mediterraneo interior de Acacia caven y Lithrea caustica,35,601.001,M652,Central Chilean (Mediterranean) Sclerophyllous Forest,D239,Chilean Mediterranean Forest,Warm Temperate Forest & Woodland,Temperate & Boreal Forest & Woodland,Forest & Woodland
Bosque espinoso mediterraneo interior de Acacia caven y Prosopis chilensis,32,601.001,M652,Central Chilean (Mediterranean) Sclerophyllous Forest,D239,Chilean Mediterranean Forest,Warm Temperate Forest & Woodland,Temperate & Boreal Forest & Woodland,Forest & Woodland
Bosque caducifolio mediterraneo-templado andino de Nothofagus alpina y N. obliqua,57,603.177,M657,Valdivian Montane & Upper Montane Deciduous Forest,D241,Valdivian Cool Temperate Forest,Cool Temperate Forest & Woodland,Temperate & Boreal Forest & Woodland,Forest & Woodland
Bosque caducifolio mediterraneo-templado andino de Nothofagus pumilio y N. obliqua,60,603.182,M657,Valdivian Montane & Upper Montane Deciduous Forest,D241,Valdivian Cool Temperate Forest,Cool Temperate Forest & Woodland,Temperate & Boreal Forest & Woodland,Forest & Woodland
Bosque caducifolio templado-antiboreal andino de Nothofagus pumilio y Maytenus disticha,67,603.182,M657,Valdivian Montane & Upper Montane Deciduous Forest,D241,Valdivian Cool Temperate Forest,Cool Temperate Forest & Woodland,Temperate & Boreal Forest & Woodland,Forest & Woodland
Bosque caducifolio templado andino de Nothofagus alpina y Dasyphyllum diacanthoides,58,603.177,M657,Valdivian Montane & Upper Montane Deciduous Forest,D241,Valdivian Cool Temperate Forest,Cool Temperate Forest & Woodland,Temperate & Boreal Forest & Woodland,Forest & Woodland
Bosque caducifolio templado andino de Nothofagus alpina y N. dombeyi,59,603.177,M657,Valdivian Montane & Upper Montane Deciduous Forest,D241,Valdivian Cool Temperate Forest,Cool Temperate Forest & Woodland,Temperate & Boreal Forest & Woodland,Forest & Woodland
Bosque caducifolio templado andino de Nothofagus pumilio y Araucaria araucana,61,603.19,M658,Valdivian Montane & Upper Montane Evergreen Forest,D241,Valdivian Cool Temperate Forest,Cool Temperate Forest & Woodland,Temperate & Boreal Forest & Woodland,Forest & Woodland
Bosque caducifolio templado andino de Nothofagus pumilio y Azara alpina,64,603.184,M657,Valdivian Montane & Upper Montane Deciduous Forest,D241,Valdivian Cool Temperate Forest,Cool Temperate Forest & Woodland,Temperate & Boreal Forest & Woodland,Forest & Woodland
Bosque caducifolio templado andino de Nothofagus pumilio y Berberis ilicifolia,63,603.182,M657,Valdivian Montane & Upper Montane Deciduous Forest,D241,Valdivian Cool Temperate Forest,Cool Temperate Forest & Woodland,Temperate & Boreal Forest & Woodland,Forest & Woodland
Bosque caducifolio templado andino de Nothofagus pumilio y Chiliotrichum diffusum,66,603.182,M657,Valdivian Montane & Upper Montane Deciduous Forest,D241,Valdivian Cool Temperate Forest,Cool Temperate Forest & Woodland,Temperate & Boreal Forest & Woodland,Forest & Woodland
Bosque caducifolio templado andino de Nothofagus pumilio y Drimys andina,62,603.182,M657,Valdivian Montane & Upper Montane Deciduous Forest,D241,Valdivian Cool Temperate Forest,Cool Temperate Forest & Woodland,Temperate & Boreal Forest & Woodland,Forest & Woodland
Bosque caducifolio templado andino de Nothofagus pumilio y Ribes cucullatum,65,603.184,M657,Valdivian Montane & Upper Montane Deciduous Forest,D241,Valdivian Cool Temperate Forest,Cool Temperate Forest & Woodland,Temperate & Boreal Forest & Woodland,Forest & Woodland
Bosque caducifolio templado costero de Nothofagus alpina y Persea lingue,56,603.177,M657,Valdivian Montane & Upper Montane Deciduous Forest,D241,Valdivian Cool Temperate Forest,Cool Temperate Forest & Woodland,Temperate & Boreal Forest & Woodland,Forest & Woodland
Bosque caducifolio templado de Nothofagus obliqua y Laurelia sempervirens,54,603.174,M656,Valdivian Lower Montane Deciduous Forest,D241,Valdivian Cool Temperate Forest,Cool Temperate Forest & Woodland,Temperate & Boreal Forest & Woodland,Forest & Woodland
Bosque caducifolio templado de Nothofagus obliqua y Persea lingue,53,603.174,M656,Valdivian Lower Montane Deciduous Forest,D241,Valdivian Cool Temperate Forest,Cool Temperate Forest & Woodland,Temperate & Boreal Forest & Woodland,Forest & Woodland
Bosque laurifolio templado costero de Aextoxicon punctatum y Laurelia sempervirens,72,603.175,M655,Valdivian Lower Montane Evergreen Forest,D241,Valdivian Cool Temperate Forest,Cool Temperate Forest & Woodland,Temperate & Boreal Forest & Woodland,Forest & Woodland
Bosque laurifolio templado costero de Weinmannia trichosperma y Laureliopsis philippiana,73,603.175,M655,Valdivian Lower Montane Evergreen Forest,D241,Valdivian Cool Temperate Forest,Cool Temperate Forest & Woodland,Temperate & Boreal Forest & Woodland,Forest & Woodland
Bosque laurifolio templado interior de Nothofagus dombeyi y Eucryphia cordifolia,74,603.175,M655,Valdivian Lower Montane Evergreen Forest,D241,Valdivian Cool Temperate Forest,Cool Temperate Forest & Woodland,Temperate & Boreal Forest & Woodland,Forest & Woodland
Bosque mixto templado costero de Nothofagus dombeyi y N. obliqua,55,603.174,M656,Valdivian Lower Montane Deciduous Forest,D241,Valdivian Cool Temperate Forest,Cool Temperate Forest & Woodland,Temperate & Boreal Forest & Woodland,Forest & Woodland
Bosque resinoso templado andino de Araucaria araucana y Festuca scabriuscula,77,603.176,M658,Valdivian Montane & Upper Montane Evergreen Forest,D241,Valdivian Cool Temperate Forest,Cool Temperate Forest & Woodland,Temperate & Boreal Forest & Woodland,Forest & Woodland
Bosque resinoso templado andino de Araucaria araucana y Nothofagus dombeyi,76,603.19,M658,Valdivian Montane & Upper Montane Evergreen Forest,D241,Valdivian Cool Temperate Forest,Cool Temperate Forest & Woodland,Temperate & Boreal Forest & Woodland,Forest & Woodland
Bosque resinoso templado andino de Austrocedrus chilensis y Nothofagus dombeyi,78,603.181,M658,Valdivian Montane & Upper Montane Evergreen Forest,D241,Valdivian Cool Temperate Forest,Cool Temperate Forest & Woodland,Temperate & Boreal Forest & Woodland,Forest & Woodland
Bosque resinoso templado andino de Fitzroya cupressoides,80,603.178,M658,Valdivian Montane & Upper Montane Evergreen Forest,D241,Valdivian Cool Temperate Forest,Cool Temperate Forest & Woodland,Temperate & Boreal Forest & Woodland,Forest & Woodland
Bosque resinoso templado costero de Araucaria araucana,75,603.19,M658,Valdivian Montane & Upper Montane Evergreen Forest,D241,Valdivian Cool Temperate Forest,Cool Temperate Forest & Woodland,Temperate & Boreal Forest & Woodland,Forest & Woodland
Bosque resinoso templado costero de Fitzroya cupressoides,79,603.178,M658,Valdivian Montane & Upper Montane Evergreen Forest,D241,Valdivian Cool Temperate Forest,Cool Temperate Forest & Woodland,Temperate & Boreal Forest & Woodland,Forest & Woodland
Bosque siempreverde templado andino de Nothofagus dombeyi y Gaultheria phillyreifolia,83,603.177,M657,Valdivian Montane & Upper Montane Deciduous Forest,D241,Valdivian Cool Temperate Forest,Cool Temperate Forest & Woodland,Temperate & Boreal Forest & Woodland,Forest & Woodland
Bosque siempreverde templado andino de Nothofagus dombeyi y Saxegothaea conspicua,84,603.177,M657,Valdivian Montane & Upper Montane Deciduous Forest,D241,Valdivian Cool Temperate Forest,Cool Temperate Forest & Woodland,Temperate & Boreal Forest & Woodland,Forest & Woodland
Bosque siempreverde templado interior de Nothofagus nitida y Podocarpus nubigena,85,603.179,M658,Valdivian Montane & Upper Montane Evergreen Forest,D241,Valdivian Cool Temperate Forest,Cool Temperate Forest & Woodland,Temperate & Boreal Forest & Woodland,Forest & Woodland
Bosque mixto templado-antiboreal andino de Nothofagus betuloides y Nothofagus pumilio,90,603.18,M659,Magellanian Temperate Evergreen Forest,D242,Magellanian Cool Temperate Forest,Cool Temperate Forest & Woodland,Temperate & Boreal Forest & Woodland,Forest & Woodland
Bosque siempreverde mixto templado andino de Nothofagus betuloides y Berberis serrato-dentata,89,603.18,M659,Magellanian Temperate Evergreen Forest,D242,Magellanian Cool Temperate Forest,Cool Temperate Forest & Woodland,Temperate & Boreal Forest & Woodland,Forest & Woodland
Bosque siempreverde templado andino de Nothofagus betuloides y Chusquea macrostachya,88,603.18,M659,Magellanian Temperate Evergreen Forest,D242,Magellanian Cool Temperate Forest,Cool Temperate Forest & Woodland,Temperate & Boreal Forest & Woodland,Forest & Woodland
Bosque siempreverde templado andino de Nothofagus betuloides y Laureliopsis philippiana,87,603.18,M659,Magellanian Temperate Evergreen Forest,D242,Magellanian Cool Temperate Forest,Cool Temperate Forest & Woodland,Temperate & Boreal Forest & Woodland,Forest & Woodland
Bosque siempreverde templado costero de Nothofagus betuloides y Drimys winteri,92,603.18,M659,Magellanian Temperate Evergreen Forest,D242,Magellanian Cool Temperate Forest,Cool Temperate Forest & Woodland,Temperate & Boreal Forest & Woodland,Forest & Woodland
Bosque siempreverde templado costero de Nothofagus betuloides y Embothrium coccineum,91,603.18,M659,Magellanian Temperate Evergreen Forest,D242,Magellanian Cool Temperate Forest,Cool Temperate Forest & Woodland,Temperate & Boreal Forest & Woodland,Forest & Woodland
Bosque siempreverde templado interior de Nothofagus betuloides y Desfontainia spinosa,86,603.18,M659,Magellanian Temperate Evergreen Forest,D242,Magellanian Cool Temperate Forest,Cool Temperate Forest & Woodland,Temperate & Boreal Forest & Woodland,Forest & Woodland
Bosque resinoso templado costero de Pilgerodendron uvifera y Astelia pumila,82,603.183,M663,Valdivian Temperate Flooded & Swamp Forest,D245,Valdivian Temperate Flooded & Swamp Forest,Temperate Flooded & Swamp Forest,Temperate & Boreal Forest & Woodland,Forest & Woodland
Bosque resinoso templado costero de Pilgerodendron uvifera y Tepualia stipularis,81,603.183,M663,Valdivian Temperate Flooded & Swamp Forest,D245,Valdivian Temperate Flooded & Swamp Forest,Temperate Flooded & Swamp Forest,Temperate & Boreal Forest & Woodland,Forest & Woodland
Matorral arborescente caducifolio templado-antiboreal andino de Nothofagus antarctica y Chiliot,71,603.172,M663,Valdivian Temperate Flooded & Swamp Forest,D245,Valdivian Temperate Flooded & Swamp Forest,Temperate Flooded & Swamp Forest,Temperate & Boreal Forest & Woodland,Forest & Woodland
Matorral arborescente caducifolio templado de Nothofagus antarctica y Berberis microphylla,70,603.172,M663,Valdivian Temperate Flooded & Swamp Forest,D245,Valdivian Temperate Flooded & Swamp Forest,Temperate Flooded & Swamp Forest,Temperate & Boreal Forest & Woodland,Forest & Woodland
Matorral caducifolio templado andino de Nothofagus antarctica,68,603.172,M663,Valdivian Temperate Flooded & Swamp Forest,D245,Valdivian Temperate Flooded & Swamp Forest,Temperate Flooded & Swamp Forest,Temperate & Boreal Forest & Woodland,Forest & Woodland
Matorral caducifolio templado andino de Nothofagus antarctica y Empetrum rubrum,69,603.172,M663,Valdivian Temperate Flooded & Swamp Forest,D245,Valdivian Temperate Flooded & Swamp Forest,Temperate Flooded & Swamp Forest,Temperate & Boreal Forest & Woodland,Forest & Woodland
Matorral siempreverde templado costero de Pilgerodendron uvifera y Nothofagus nitida,93,603.183,M663,Valdivian Temperate Flooded & Swamp Forest,D245,Valdivian Temperate Flooded & Swamp Forest,Temperate Flooded & Swamp Forest,Temperate & Boreal Forest & Woodland,Forest & Woodland
Bosque espinoso tropical interior de Prosopis tamarugo y Tessaria absinthiodes,29,504.005,M740,South American Pacific Desert Salt Flats,D272,South American Pacific Desert Salt Flats,Salt Marsh,Shrub & Herb Wetland,Shrub & Herb Vegetation
Matorral desertico tropical interior de Atriplex atacamensis y Tessaria absinthioides,3,504.004,M740,South American Pacific Desert Salt Flats,D272,South American Pacific Desert Salt Flats,Salt Marsh,Shrub & Herb Wetland,Shrub & Herb Vegetation
Matorral arborescente esclerofilo mediterraneo costero de Peumus boldus y Schinus latifolius,36,601.005,M741,Central Chilean Coastal Scrub,D273,Chilean Mediterranean Scrub,Mediterranean Scrub & Grassland,Temperate & Boreal Grassland & Shrubland,Shrub & Herb Vegetation
Matorral arborescente esclerofilo mediterraneo interior Quillaja saponaria y Porlieria chilensi,37,601.009,M742,Central Chilean Interior Scrub,D273,Chilean Mediterranean Scrub,Mediterranean Scrub & Grassland,Temperate & Boreal Grassland & Shrubland,Shrub & Herb Vegetation
Matorral bajo mediterraneo andino de Chuquiraga oppositifolia y Discaria articulata,114,505.157,M743,Southern Andes Mediterranean Montane Scrub & Forb Meadow,D273,Chilean Mediterranean Scrub,Mediterranean Scrub & Grassland,Temperate & Boreal Grassland & Shrubland,Shrub & Herb Vegetation
Matorral bajo mediterraneo andino de Chuquiraga oppositifolia y Nardophyllum lanatum,112,505.157,M743,Southern Andes Mediterranean Montane Scrub & Forb Meadow,D273,Chilean Mediterranean Scrub,Mediterranean Scrub & Grassland,Temperate & Boreal Grassland & Shrubland,Shrub & Herb Vegetation
Matorral bajo mediterraneo costero de Chuquiraga oppositifolia y Mulinum spinosum,111,505.157,M741,Mediterranean & Southern Andean Cool Semi-Desert Scrub & Grassland,D273,Chilean Mediterranean Scrub,Mediterranean Scrub & Grassland,Temperate & Boreal Grassland & Shrubland,Shrub & Herb Vegetation
Matorral desertico mediterraneo costero de Bahia ambrosioides y Puya chilensis,21,601.006,M741,Central Chilean Coastal Scrub,D273,Chilean Mediterranean Scrub,Mediterranean Scrub & Grassland,Temperate & Boreal Grassland & Shrubland,Shrub & Herb Vegetation
Matorral desertico mediterraneo costero de Oxalis gigantea y Heliotropium stenophyllum,17,601.007,M741,Central Chilean Coastal Scrub,D273,Chilean Mediterranean Scrub,Mediterranean Scrub & Grassland,Temperate & Boreal Grassland & Shrubland,Shrub & Herb Vegetation
Matorral espinoso mediterraneo interior de Puya coerulea y Colliguaja odorifera,28,601.022,M742,Central Chilean Interior Scrub,D273,Chilean Mediterranean Scrub,Mediterranean Scrub & Grassland,Temperate & Boreal Grassland & Shrubland,Shrub & Herb Vegetation
Matorral espinoso mediterraneo interior de Trevoa quinquinervia y Colliguaja odorifera,27,601.009,M742,Central Chilean Interior Scrub,D273,Chilean Mediterranean Scrub,Mediterranean Scrub & Grassland,Temperate & Boreal Grassland & Shrubland,Shrub & Herb Vegetation
Turbera antiboreal costera de Astelia pumila y Donatia fascicularis,95,603.173,M758,Southern Andes Montane Bog,D282,Southern Andes Montane Bog,Temperate to Polar Bog & Fen,Shrub & Herb Wetland,Shrub & Herb Vegetation
Turbera antiboreal costera de Bolax bovei y Phyllachne uliginosa,96,603.173,M758,Southern Andes Montane Bog,D282,Southern Andes Montane Bog,Temperate to Polar Bog & Fen,Shrub & Herb Wetland,Shrub & Herb Vegetation
Turbera templada costera de Donatia fascicularis y Oreobolus obtusangulus,94,603.173,M758,Southern Andes Montane Bog,D282,Southern Andes Montane Bog,Temperate to Polar Bog & Fen,Shrub & Herb Wetland,Shrub & Herb Vegetation
Turbera templada-antiboreal interior de Sphagnum magellanicum y Schoenus antarcticus,97,603.189,M759,Magellanian Anti-Boreal Bog & Fen,D283,Magellanian Bog & Fen,Temperate to Polar Bog & Fen,Shrub & Herb Wetland,Shrub & Herb Vegetation
Bosque espinoso tropical interior de Geoffroea decorticans y Prosopis alba,30,504.006,M782,Sechura Atacama Semi-Desert Riparian Scrub,D294,South American Pacific Semi-Desert Scrub & Grassland,Warm Desert & Semi-Desert Scrub & Grassland,"Warm Desert & Semi-Desert Woodland, Scrub & Grassland",Desert & Semi-Desert
Desierto tropical costero con vegetacion escasa,1,504.001,M861,Sechura Atacama Semi-Desert Cliff & Pavement Very Sparse Vegetation,D294,South American Pacific Semi-Desert Scrub & Grassland,Warm Desert & Semi-Desert Scrub & Grassland,"Warm Desert & Semi-Desert Woodland, Scrub & Grassland",Desert & Semi-Desert
Desierto tropical interior con vegetacion escasa,2,504.001,M861,Sechura Atacama Semi-Desert Cliff & Pavement Very Sparse Vegetation,D294,South American Pacific Semi-Desert Scrub & Grassland,Warm Desert & Semi-Desert Scrub & Grassland,"Warm Desert & Semi-Desert Woodland, Scrub & Grassland",Desert & Semi-Desert
Matorral bajo desertico tropical interior de Adesmia atacamensis y Cistanthe salsoloides,22,504.010,M783,Sechura Atacama Semi-Desert Scrub,D294,South American Pacific Semi-Desert Scrub & Grassland,Warm Desert & Semi-Desert Scrub & Grassland,"Warm Desert & Semi-Desert Woodland, Scrub & Grassland",Desert & Semi-Desert
Matorral bajo desertico tropical interior de Nolana leptophylla y Cistanthe salsoloides,24,504.001,M861,Sechura Atacama Semi-Desert Cliff & Pavement Very Sparse Vegetation,D294,South American Pacific Semi-Desert Scrub & Grassland,Warm Desert & Semi-Desert Scrub & Grassland,"Warm Desert & Semi-Desert Woodland, Scrub & Grassland",Desert & Semi-Desert
Matorral desertico mediterraneo costero Copiapoa boliviana y Heliotropium pycnophyllum,7,601.034,M784,Chilean Mediterranean Coastal Semi-Desert Scrub & Grassland,D294,South American Pacific Semi-Desert Scrub & Grassland,Warm Desert & Semi-Desert Scrub & Grassland,"Warm Desert & Semi-Desert Woodland, Scrub & Grassland",Desert & Semi-Desert
Matorral desertico mediterraneo costero de Euphorbia lactiflua y Eulychnia iquiquensis,10,601.033,M784,Chilean Mediterranean Coastal Semi-Desert Scrub & Grassland,D294,South American Pacific Semi-Desert Scrub & Grassland,Warm Desert & Semi-Desert Scrub & Grassland,"Warm Desert & Semi-Desert Woodland, Scrub & Grassland",Desert & Semi-Desert
Matorral desertico mediterraneo costero de Euphorbia lactiflua y Eulychnia saint-pieana,11,601.033,M784,Chilean Mediterranean Coastal Semi-Desert Scrub & Grassland,D294,South American Pacific Semi-Desert Scrub & Grassland,Warm Desert & Semi-Desert Scrub & Grassland,"Warm Desert & Semi-Desert Woodland, Scrub & Grassland",Desert & Semi-Desert
Matorral desertico mediterraneo costero de Gypothamnium pinifolium y Heliotropium pycnophyllum,9,601.033,M784,Chilean Mediterranean Coastal Semi-Desert Scrub & Grassland,D294,South American Pacific Semi-Desert Scrub & Grassland,Warm Desert & Semi-Desert Scrub & Grassland,"Warm Desert & Semi-Desert Woodland, Scrub & Grassland",Desert & Semi-Desert
Matorral desertico mediterraneo costero de Heliotropium eremogenum y Eulychnia morromorenoensis,8,601.034,M784,Chilean Mediterranean Coastal Semi-Desert Scrub & Grassland,D294,South American Pacific Semi-Desert Scrub & Grassland,Warm Desert & Semi-Desert Scrub & Grassland,"Warm Desert & Semi-Desert Woodland, Scrub & Grassland",Desert & Semi-Desert
Matorral desertico mediterraneo costero de Heliotropium floridum y Atriplex clivicola,13,601.031,M784,Chilean Mediterranean Coastal Semi-Desert Scrub & Grassland,D294,South American Pacific Semi-Desert Scrub & Grassland,Warm Desert & Semi-Desert Scrub & Grassland,"Warm Desert & Semi-Desert Woodland, Scrub & Grassland",Desert & Semi-Desert
Matorral desertico mediterraneo costero de Oxalis gigantea y Eulychnia breviflora,14,601.031,M784,Chilean Mediterranean Coastal Semi-Desert Scrub & Grassland,D294,South American Pacific Semi-Desert Scrub & Grassland,Warm Desert & Semi-Desert Scrub & Grassland,"Warm Desert & Semi-Desert Woodland, Scrub & Grassland",Desert & Semi-Desert
Matorral desertico mediterraneo interior de Adesmia argentea y Bulnesia chilensis,18,601.008,M785,Chilean Mediterranean Interior Semi-Desert Scrub & Grassland,D294,South American Pacific Semi-Desert Scrub & Grassland,Warm Desert & Semi-Desert Scrub & Grassland,"Warm Desert & Semi-Desert Woodland, Scrub & Grassland",Desert & Semi-Desert
Matorral desertico mediterraneo interior de Oxyphyllum ulicinum y Gymnophyton foliosum,12,601.033,M784,Chilean Mediterranean Coastal Semi-Desert Scrub & Grassland,D294,South American Pacific Semi-Desert Scrub & Grassland,Warm Desert & Semi-Desert Scrub & Grassland,"Warm Desert & Semi-Desert Woodland, Scrub & Grassland",Desert & Semi-Desert
Matorral desertico mediterraneo interior de Skytanthus acutus y Atriplex deserticola,15,601.035,M785,Chilean Mediterranean Interior Semi-Desert Scrub & Grassland,D294,South American Pacific Semi-Desert Scrub & Grassland,Warm Desert & Semi-Desert Scrub & Grassland,"Warm Desert & Semi-Desert Woodland, Scrub & Grassland",Desert & Semi-Desert
Matorral desertico tropical costero de Ephedra breana y Eulychnia iquiquensis,6,504.003,M783,Sechura Atacama Semi-Desert Scrub,D294,South American Pacific Semi-Desert Scrub & Grassland,Warm Desert & Semi-Desert Scrub & Grassland,"Warm Desert & Semi-Desert Woodland, Scrub & Grassland",Desert & Semi-Desert
Matorral desertico tropical costero de Nolana adansonii y N. lycioides,5,504.003,M783,Sechura Atacama Semi-Desert Scrub,D294,South American Pacific Semi-Desert Scrub & Grassland,Warm Desert & Semi-Desert Scrub & Grassland,"Warm Desert & Semi-Desert Woodland, Scrub & Grassland",Desert & Semi-Desert
Matorral desertico tropical interior de Huidobria chilensis y Nolana leptophylla,16,601.036,M785,Chilean Mediterranean Interior Semi-Desert Scrub & Grassland,D294,South American Pacific Semi-Desert Scrub & Grassland,Warm Desert & Semi-Desert Scrub & Grassland,"Warm Desert & Semi-Desert Woodland, Scrub & Grassland",Desert & Semi-Desert
Matorral desertico tropical interior Malesherbia auristipulata y Tarasa rahmeri,4,504.01,M783,Sechura Atacama Semi-Desert Scrub,D294,South American Pacific Semi-Desert Scrub & Grassland,Warm Desert & Semi-Desert Scrub & Grassland,"Warm Desert & Semi-Desert Woodland, Scrub & Grassland",Desert & Semi-Desert
Bosque espinoso tropical andino de Browningia candelaris y Corryocactus brevistylus,31,504.007,M787,Xeric Puna Succulent Scrub,D295,Tropical Andean Cool Semi-Desert Scrub & Grassland,Cool Semi-Desert Scrub & Grassland,Cool Semi-Desert Scrub & Grassland,Desert & Semi-Desert
Matorral bajo desertico tropical-mediterraneo andino de Atriplex imbricata,25,504.008,M787,Xeric Puna Succulent Scrub,D295,Tropical Andean Cool Semi-Desert Scrub & Grassland,Cool Semi-Desert Scrub & Grassland,Cool Semi-Desert Scrub & Grassland,Desert & Semi-Desert
Matorral bajo desertico tropical andino de Atriplex imbricata y Acantholippia deserticola,23,504.008,M787,Xeric Puna Succulent Scrub,D295,Tropical Andean Cool Semi-Desert Scrub & Grassland,Cool Semi-Desert Scrub & Grassland,Cool Semi-Desert Scrub & Grassland,Desert & Semi-Desert
Matorral bajo tropical andino de Fabiana ramulosa y Diplostephium meyenii,98,505.018,M787,Xeric Puna Succulent Scrub,D295,Tropical Andean Cool Semi-Desert Scrub & Grassland,Cool Semi-Desert Scrub & Grassland,Cool Semi-Desert Scrub & Grassland,Desert & Semi-Desert
Matorral bajo desertico mediterraneo andino de Senecio proteus y Haplopappus baylahuen,26,505.155,M788,Mediterranean Andean Cool Semi-Desert Scrub & Grassland,D296,Mediterranean & Southern Andean Cool Semi-Desert Scrub & Grassland,Cool Semi-Desert Scrub & Grassland,Cool Semi-Desert Scrub & Grassland,Desert & Semi-Desert
Matorral bajo tropical-mediterraneo andino de Adesmia hystrix y Ephedra breana,109,505.155,M788,Mediterranean Andean Cool Semi-Desert Scrub & Grassland,D296,Mediterranean & Southern Andean Cool Semi-Desert Scrub & Grassland,Cool Semi-Desert Scrub & Grassland,Cool Semi-Desert Scrub & Grassland,Desert & Semi-Desert
Matorral desertico mediterraneo interior de Flourensia thurifera y Colliguaja odorifera,20,601.016,M788,Mediterranean Andean Cool Semi-Desert Scrub & Grassland,D296,Mediterranean & Southern Andean Cool Semi-Desert Scrub & Grassland,Cool Semi-Desert Scrub & Grassland,Cool Semi-Desert Scrub & Grassland,Desert & Semi-Desert
Matorral desertico mediterraneo interior de Heliotropium stenophyllum y Flourensia thurifera,19,601.016,M788,Mediterranean Andean Cool Semi-Desert Scrub & Grassland,D296,Mediterranean & Southern Andean Cool Semi-Desert Scrub & Grassland,Cool Semi-Desert Scrub & Grassland,Cool Semi-Desert Scrub & Grassland,Desert & Semi-Desert
Herbazal mediterraneo andino de O. adenophylla y Pozoa coriacea,120,505.166,M794,High Andean Xeric Puna Bunch Grassland,D298,Tropical & Mediterranean Andean High Montane Scrub & Grassland,Tropical High Montane Scrub & Grassland,Tropical High Montane Scrub & Grassland,"Polar & High Montane Scrub, Grassland & Barrens"
Herbazal mediterraneo de Nastanthus spathulatus y Menonvillea spathulata,119,505.166,M794,High Andean Xeric Puna Bunch Grassland,D298,Tropical & Mediterranean Andean High Montane Scrub & Grassland,Tropical High Montane Scrub & Grassland,Tropical High Montane Scrub & Grassland,"Polar & High Montane Scrub, Grassland & Barrens"
Herbazal tropical andino de Chaetanthera sphaeroidalis,118,505.033,M794,High Andean Xeric Puna Bunch Grassland,D298,Tropical & Mediterranean Andean High Montane Scrub & Grassland,Tropical High Montane Scrub & Grassland,Tropical High Montane Scrub & Grassland,"Polar & High Montane Scrub, Grassland & Barrens"
Matorral bajo mediterraneo andino de Laretia acaulis y Berberis empetrifolia,113,505.159,M794,High Andean Xeric Puna Bunch Grassland,D298,Tropical & Mediterranean Andean High Montane Scrub & Grassland,Tropical High Montane Scrub & Grassland,Tropical High Montane Scrub & Grassland,"Polar & High Montane Scrub, Grassland & Barrens"
Matorral bajo tropical-mediterraneo andino de Adesmia subterranea y Adesmia echinus,110,505.161,M794,High Andean Xeric Puna Bunch Grassland,D298,Tropical & Mediterranean Andean High Montane Scrub & Grassland,Tropical High Montane Scrub & Grassland,Tropical High Montane Scrub & Grassland,"Polar & High Montane Scrub, Grassland & Barrens"
Matorral bajo tropical andino de Adesmia frigida y Stipa frigida,108,505.029,M794,High Andean Xeric Puna Bunch Grassland,D298,Tropical & Mediterranean Andean High Montane Scrub & Grassland,Tropical High Montane Scrub & Grassland,Tropical High Montane Scrub & Grassland,"Polar & High Montane Scrub, Grassland & Barrens"
Matorral bajo tropical andino de Artemisia copa y Stipa frigida,107,505.029,M794,High Andean Xeric Puna Bunch Grassland,D298,Tropical & Mediterranean Andean High Montane Scrub & Grassland,Tropical High Montane Scrub & Grassland,Tropical High Montane Scrub & Grassland,"Polar & High Montane Scrub, Grassland & Barrens"
Matorral bajo tropical andino de Azorella compacta y Pycnophyllum molle,102,505.033,M794,High Andean Xeric Puna Bunch Grassland,D298,Tropical & Mediterranean Andean High Montane Scrub & Grassland,Tropical High Montane Scrub & Grassland,Tropical High Montane Scrub & Grassland,"Polar & High Montane Scrub, Grassland & Barrens"
Matorral bajo tropical andino de Fabiana bryoides y Parastrephia quadrangularis,105,505.028,M794,High Andean Xeric Puna Bunch Grassland,D298,Tropical & Mediterranean Andean High Montane Scrub & Grassland,Tropical High Montane Scrub & Grassland,Tropical High Montane Scrub & Grassland,"Polar & High Montane Scrub, Grassland & Barrens"
Matorral bajo tropical andino de Fabiana denudata y Chuquiraga atacamensis,103,505.029,M794,High Andean Xeric Puna Bunch Grassland,D298,Tropical & Mediterranean Andean High Montane Scrub & Grassland,Tropical High Montane Scrub & Grassland,Tropical High Montane Scrub & Grassland,"Polar & High Montane Scrub, Grassland & Barrens"
Matorral bajo tropical andino de Fabiana squamata y Festuca chrysophylla,104,505.029,M794,High Andean Xeric Puna Bunch Grassland,D298,Tropical & Mediterranean Andean High Montane Scrub & Grassland,Tropical High Montane Scrub & Grassland,Tropical High Montane Scrub & Grassland,"Polar & High Montane Scrub, Grassland & Barrens"
Matorral bajo tropical andino de Mulinum crassifolium y Urbania pappigera,106,505.029,M794,High Andean Xeric Puna Bunch Grassland,D298,Tropical & Mediterranean Andean High Montane Scrub & Grassland,Tropical High Montane Scrub & Grassland,Tropical High Montane Scrub & Grassland,"Polar & High Montane Scrub, Grassland & Barrens"
Matorral bajo tropical andino de Parastrephia lepidophylla y P. qudrangularis,101,505.028,M794,High Andean Xeric Puna Bunch Grassland,D298,Tropical & Mediterranean Andean High Montane Scrub & Grassland,Tropical High Montane Scrub & Grassland,Tropical High Montane Scrub & Grassland,"Polar & High Montane Scrub, Grassland & Barrens"
Matorral bajo tropical andino de Parastrephia lucida y Azorella compacta,99,505.028,M794,High Andean Xeric Puna Bunch Grassland,D298,Tropical & Mediterranean Andean High Montane Scrub & Grassland,Tropical High Montane Scrub & Grassland,Tropical High Montane Scrub & Grassland,"Polar & High Montane Scrub, Grassland & Barrens"
Matorral bajo tropical andino de Parastrephia lucida y Festuca orthophylla,100,505.028,M794,High Andean Xeric Puna Bunch Grassland,D298,Tropical & Mediterranean Andean High Montane Scrub & Grassland,Tropical High Montane Scrub & Grassland,Tropical High Montane Scrub & Grassland,"Polar & High Montane Scrub, Grassland & Barrens"
Matorral bajo emplado andino de Adesmia longipes y Senecio bipontini,116,603.171,M795,Southern Andean Alpine Scrub,D299,Southern Andean High Montane Scrub & Grassland,Temperate & Boreal Alpine Dwarf-Shrub & Grassland,Temperate to Polar Alpine & Tundra Vegetation,"Polar & High Montane Scrub, Grassland & Barrens"
Matorral bajo templado andino de Discaria chacaye y Berberis empetrifolia,115,603.171,M795,Southern Andean Alpine Scrub,D299,Southern Andean High Montane Scrub & Grassland,Temperate & Boreal Alpine Dwarf-Shrub & Grassland,Temperate to Polar Alpine & Tundra Vegetation,"Polar & High Montane Scrub, Grassland & Barrens"
Herbazal antiboreal andino de Nassauvia pygmaea y N. lagascae,122,603.185,M796,Magellanian Montane Forb Meadow & Grassland,D300,Magellanian High Montane Forb Meadow & Grassland,Temperate & Boreal Alpine Dwarf-Shrub & Grassland,Temperate to Polar Alpine & Tundra Vegetation,"Polar & High Montane Scrub, Grassland & Barrens"
Herbazal templado andino de Nassauvia dentata y Senecio portalesianus,121,603.185,M796,Magellanian Montane Forb Meadow & Grassland,D300,Magellanian High Montane Forb Meadow & Grassland,Temperate & Boreal Alpine Dwarf-Shrub & Grassland,Temperate to Polar Alpine & Tundra Vegetation,"Polar & High Montane Scrub, Grassland & Barrens"
Matorral bajo templado-antiboreal andino de Bolax gummifera y Azorella selago,117,603.187,M796,Magellanian Montane Forb Meadow & Grassland,D300,Magellanian High Montane Forb Meadow & Grassland,Temperate & Boreal Alpine Dwarf-Shrub & Grassland,Temperate to Polar Alpine & Tundra Vegetation,"Polar & High Montane Scrub, Grassland & Barrens"
